company_id,quarter,revenue,net_income,assets,liabilities
C0204,2023Q3,77360553,15516464,430504774,220926609
C0299,2023Q2,77263105,47694465,391797565,94757947
C0203,2023Q3,88673286,42869054,92009711,108644437
C0156,2023Q2,90563218,2758422,8343026,292260020
C0398,2023Q4,32872086,4130067,351603334,71376847
C0261,2023Q1,63009583,8853333,445593645,257684661
C0045,2023Q4,72698751,15596165,191459568,26409853
C0078,2023Q4,8908431,27798201,268186837,46850927
C0391,2023Q3,94922570,16181137,168197864,175236859
C0333,2023Q3,3046675,45049858,198901652,214835073
C0063,2023Q4,2147958,23372545,367295201,225225125
C0131,2023Q1,54182399,32792356,350423553,88614160
C0259,2023Q4,61519703,1244901,30386928,205445611
C0075,2023Q4,93142364,12164957,484116523,195737778
C0198,2023Q1,12989277,15615547,8865091,233072630
C0154,2023Q4,60591974,36652015,365900005,275327100
C0243,2023Q3,20087269,8448385,154103288,90664486
C0138,2023Q2,47112434,13904783,137703200,273472884
C0201,2023Q4,97700253,38222091,343214194,240615299
C0282,2023Q1,14302328,36234810,260731953,189171098
C0028,2023Q1,84690969,25789677,254306293,246544581
C0305,2023Q3,12701527,11792057,105443358,95059846
C0134,2023Q3,28626162,40497969,479263270,175287151
C0104,2023Q2,94271701,9966895,49328051,88440449
C0316,2023Q1,85878556,39017872,467716502,290418797
C0322,2023Q1,33280599,35283524,183410331,72986714
C0182,2023Q3,9577209,3541900,433872739,228058276
C0346,2023Q1,60023732,46906262,221654989,136923186
C0245,2023Q1,60226242,11695250,127188465,67748601
C0127,2023Q4,67412233,23153312,60591179,179130507
C0044,2023Q4,39564952,39000402,361407386,76203025
C0002,2023Q1,6949477,17533613,333601711,61149027
C0346,2023Q2,8646767,2901373,145854945,146191780
C0256,2023Q4,92531366,35515602,488453104,106869692
C0270,2023Q3,96028498,35754408,29782301,176080341
C0293,2023Q1,77916523,46345020,125337757,122185302
C0388,2023Q3,18054178,30998993,39985722,11483828
C0187,2023Q1,79308281,1892499,469541879,287179839
C0311,2023Q4,16627744,29674287,37261942,109085042
C0338,2023Q3,55598077,46673523,358351043,80574098
C0251,2023Q3,39806115,9749279,135441135,110018716
C0038,2023Q4,33486798,8690751,177007373,140112828
C0377,2023Q1,38195399,12230436,338667310,206467592
C0189,2023Q1,13139997,42018343,89325566,134244919
C0258,2023Q4,5088024,3684284,192084564,14790470
C0090,2023Q3,29499928,18842134,17994944,221260748
C0232,2023Q4,83185950,44971922,463045858,34110040
C0286,2023Q3,35313613,15375068,292628689,49904017
C0324,2023Q1,89118486,22567729,407610367,15018072
C0244,2023Q3,24890377,1728690,401418986,38265104
C0130,2023Q1,99293721,36466026,314991292,225928412
C0191,2023Q2,25947022,27416361,383310785,201809259
C0122,2023Q1,88046279,18753029,242381197,209832708
C0113,2023Q2,83933674,35102492,169389588,293268033
C0121,2023Q3,2905133,30581939,178095912,204653704
C0386,2023Q4,15441841,14673733,411449559,53404054
C0097,2023Q4,69788327,19420105,128038497,99317426
C0208,2023Q1,7260044,13269612,150494936,74925981
C0292,2023Q2,72475363,25232620,46429424,139997859
C0304,2023Q2,77809681,3809735,347767331,236431650
C0181,2023Q2,83803043,35439672,311591270,231885634
C0301,2023Q4,11231789,47385331,344343822,269220416
C0369,2023Q3,94590074,46086177,33430183,97314823
C0272,2023Q4,1883795,12088709,471541919,109132765
C0392,2023Q4,29398411,27302828,109729582,220742406
C0164,2023Q2,96248446,47674957,190813762,151940159
C0218,2023Q4,6287021,15310275,108675292,53469207
C0134,2023Q1,81024456,46589593,400576136,145640016
C0324,2023Q3,5245133,15125484,206086071,277214239
C0143,2023Q1,76037251,10600389,125559672,159146647
C0101,2023Q3,56775630,43290808,343016769,129952848
C0345,2023Q1,97454451,30362485,178320004,80054446
C0164,2023Q1,92351894,14035368,260844322,267170704
C0253,2023Q4,44693384,35285033,175558996,4099756
C0335,2023Q2,33110387,24209215,227588281,214210598
C0162,2023Q2,71583391,17449574,148058941,100336715
C0331,2023Q4,85303148,41282535,374333680,74807480
C0344,2023Q1,45580967,17576378,133793546,299403933
C0172,2023Q2,7388121,19670443,66217620,271045652
C0347,2023Q4,10359004,7111079,406507090,239219197
C0365,2023Q1,23310003,12477128,393251220,102839060
C0302,2023Q2,10477599,35937280,187319688,115790884
C0242,2023Q1,33253589,-455246,262605374,160083465
C0081,2023Q4,23293442,44984293,450647211,93391939
C0286,2023Q1,81335317,41144657,218131352,284861692
C0371,2023Q1,66800724,22733055,308249096,101696927
C0267,2023Q2,82740600,7439986,214979034,111626414
C0094,2023Q3,1740072,44224107,133576339,297719646
C0203,2023Q2,60021045,24608106,11617029,131141994
C0392,2023Q1,30457426,18250811,313405776,268693239
C0162,2023Q2,5458619,24106367,248640924,103197334
C0224,2023Q3,64668151,30642128,431801684,45388242
C0181,2023Q1,18658139,29258922,119883478,92343901
C0078,2023Q2,34899553,14691046,26252705,154564916
C0183,2023Q1,2305623,35605892,447622679,191506697
C0387,2023Q3,68923106,11373960,466327683,181088518
C0121,2023Q3,63344549,33051991,487995158,299469303
C0056,2023Q3,61013628,36192972,478355961,164526324
C0382,2023Q2,96982013,24536183,300792706,272842332
C0108,2023Q4,57695854,9977164,445080495,229244318
C0191,2023Q1,67027694,26332678,141629468,115990693
C0300,2023Q4,93453505,9388867,411574131,117376512
C0303,2023Q1,21593694,31118542,5125901,134341321
C0268,2023Q3,40315789,45392737,383593484,192109281
C0374,2023Q3,14651595,16680921,330424373,58071342
C0053,2023Q4,68048889,38839735,415075728,262176897
C0221,2023Q2,6119892,15873187,2317237,141143898
C0328,2023Q3,96799845,22194324,457514040,297098649
C0105,2023Q1,75883986,7667590,306598035,75213806
C0233,2023Q2,4190490,8723670,322628356,149147047
C0176,2023Q4,73436487,18529996,330683921,129575912
C0022,2023Q3,21707882,3260638,391914766,209629358
C0179,2023Q2,13968741,23432319,483864106,131913315
C0305,2023Q1,4365306,113471,452051742,294793690
C0371,2023Q1,14226259,44655821,315300520,251889881
C0230,2023Q4,47013104,2068684,236680990,60903826
C0363,2023Q4,36161786,27838610,444426550,86629550
C0304,2023Q3,17821940,36840536,70284906,44989877
C0393,2023Q4,42317511,38993744,24228616,110975709
C0360,2023Q1,16677964,13572134,489793173,288459125
C0137,2023Q1,19982580,33064307,378661349,154504514
C0382,2023Q3,99684275,13647525,379338919,247844868
C0126,2023Q2,55495881,12580387,258489382,265091370
C0113,2023Q3,32287655,1919259,418869830,105467140
C0173,2023Q3,37289147,16199145,109858453,264438009
C0254,2023Q3,96407035,46583628,417733050,193743817
C0145,2023Q2,66170581,150397,213826050,195061243
C0326,2023Q3,47234677,38706850,384484185,184413593
C0305,2023Q4,98360299,3355168,64747601,141950032
C0157,2023Q3,1650119,-645576,212446549,1324908
C0028,2023Q1,22579516,7474140,199835000,297061954
C0176,2023Q4,56795539,16849754,462500701,220844125
C0010,2023Q2,20022281,35866844,246569691,263531837
C0005,2023Q3,92411844,26876386,343441580,153982607
C0343,2023Q3,18643197,40585089,375367302,201448240
C0342,2023Q4,95889709,34542000,443980085,80935256
C0148,2023Q3,88684342,15299862,159923503,287653959
C0277,2023Q1,53286060,20043786,68885840,284839661
C0028,2023Q4,60075363,15522740,418546865,163904333
C0165,2023Q1,32883456,974013,69770653,175471258
C0209,2023Q2,53795665,1886636,285399968,124774358
C0182,2023Q2,92883903,40510813,322865999,146689759
C0378,2023Q3,5208782,39263855,256682183,76742993
C0247,2023Q3,56579696,35997108,371511364,156881087
C0313,2023Q3,33161043,43998136,101805915,33283643
C0398,2023Q1,43540985,343348,235001323,295262012
C0079,2023Q4,15681570,25835036,127568540,187734792
C0311,2023Q2,17396908,11362901,267683043,263364175
C0371,2023Q4,61673549,20652823,252335632,217414218
C0376,2023Q2,51943221,41159483,4470093,36281977
C0266,2023Q4,18406438,45350165,451868983,282158717
C0048,2023Q2,78886754,26648560,56090037,125958989
C0356,2023Q3,62727086,44640399,323010177,206857856
C0144,2023Q1,87435340,47458801,16366800,214713543
C0121,2023Q2,49017304,24023149,243833049,294404419
C0187,2023Q1,30907839,36588713,310934628,162461555
C0145,2023Q1,24481595,27899249,47411025,26564173
C0076,2023Q3,36803647,35102502,359281976,281546117
C0188,2023Q4,43450785,9099383,408690015,75085970
C0232,2023Q1,71876022,22380709,437070088,61249227
C0354,2023Q4,94471004,5449496,318028288,201280750
C0325,2023Q4,14884158,45178364,141300494,61398551
C0157,2023Q4,78018446,16307159,170545893,132734453
C0155,2023Q2,12759538,7698965,106555047,8753640
C0396,2023Q2,19438762,6302091,199046447,61526049
C0235,2023Q3,15786704,15238773,199385006,73118918
C0336,2023Q3,54410695,35420790,56610357,81007890
C0030,2023Q3,16926381,597805,177824123,48574355
C0329,2023Q4,67322435,18248569,96088306,298902316
C0315,2023Q3,67676555,31791565,311814497,231870835
C0162,2023Q3,50396019,36702544,159678630,264123023
C0061,2023Q2,33557666,25087201,60318653,119447896
C0320,2023Q1,8920730,23235137,199322496,255819711
C0195,2023Q2,1269014,24754766,181499126,249428012
C0006,2023Q2,25014641,43188090,361961131,230590252
C0047,2023Q1,53320956,28870913,126018090,270760229
C0322,2023Q4,51868908,38036203,119950502,96717701
C0211,2023Q2,70724532,973350,268280073,77063689
C0088,2023Q2,83133438,36618059,342700235,61467102
C0082,2023Q3,95021655,45574312,474355809,278076230
C0308,2023Q3,40636258,1827520,201840095,121886226
C0173,2023Q2,90943043,27351530,28373154,135247660
C0336,2023Q3,46263962,26444434,261558713,132330417
C0307,2023Q3,30324065,36540019,243926405,143644406
C0388,2023Q4,33961861,16734209,35297275,35881296
C0100,2023Q2,82063358,48673136,239892571,105913388
C0224,2023Q1,14103696,44235579,248487857,199528052
C0189,2023Q4,91632854,48555986,141566447,68543842
C0035,2023Q4,29980696,41501559,19587276,294291489
C0001,2023Q4,70567923,26759028,152322897,18756359
C0126,2023Q3,56161142,45919742,361112747,111220657
C0023,2023Q4,66453757,11663370,437992596,80359131
C0158,2023Q4,54525682,24077788,86299345,171893619
C0097,2023Q4,98448405,47108218,105758808,9342895
C0212,2023Q2,11238271,23719707,124224361,69366797
C0323,2023Q1,3437985,6059551,329527195,247435034
C0128,2023Q4,77640268,6658061,201927935,246855811
C0148,2023Q2,43247975,44978549,332832996,127716867
C0205,2023Q2,23346535,36720498,7743134,200203507
C0344,2023Q2,46606553,41922013,238012939,79927544
C0088,2023Q2,68132190,19993642,63123039,134306771
C0076,2023Q3,95813230,15197061,432650792,119255686
C0228,2023Q4,17061362,32775698,263336146,248241646
C0360,2023Q1,22859441,43004548,384678597,257562734
C0335,2023Q4,92205310,8788976,107228087,82171119
C0390,2023Q2,23452271,6018684,205956782,259555853
C0277,2023Q4,62825845,26026904,329140282,28402313
C0086,2023Q1,88688075,-307107,262448191,144357957
C0398,2023Q3,38860682,5367098,156888855,132386648
C0289,2023Q3,96900583,7279536,374704985,237564844
C0355,2023Q3,57935424,13418666,371376047,258103492
C0068,2023Q1,79751226,43443561,312976096,89569272
C0350,2023Q1,87632061,4472172,218230279,195591941
C0259,2023Q2,51303759,4177966,392206186,7754333
C0167,2023Q4,52565414,9303498,422111052,296108825
C0126,2023Q1,60297656,13384974,124023713,277135648
C0393,2023Q3,62422574,49011105,200146737,281253358
C0135,2023Q1,56479578,4263071,458061324,286216384
C0066,2023Q3,18808761,36098818,491690081,84176531
C0348,2023Q2,43808274,10991275,275400319,82043261
C0322,2023Q1,44137476,6589852,423797261,102131497
C0359,2023Q1,4980430,16489096,486252007,166567577
C0079,2023Q2,74913517,22675636,322804890,118354658
C0054,2023Q3,69298842,16386534,20297084,259125542
C0171,2023Q1,27167935,49196557,459679354,141045718
C0145,2023Q4,60828265,10256470,37609479,95247404
C0155,2023Q4,76839949,-919479,55131539,267161122
C0053,2023Q3,26004018,35170281,185852703,267389810
C0037,2023Q3,68788445,43309633,205611945,286645063
C0157,2023Q3,90315555,34961617,63233569,76286126
C0011,2023Q3,27273553,4885260,328140009,296865573
C0010,2023Q2,63561462,24020784,465865971,291069707
C0267,2023Q3,48447359,8205138,127594790,250079026
C0335,2023Q2,52539279,6767562,342944881,295643706
C0028,2023Q2,87943062,17847336,394750647,75075302
C0305,2023Q1,28907506,31693150,99204144,121119366
C0093,2023Q1,5827297,13238670,359995084,50274259
C0387,2023Q1,99095208,12026244,493948226,193810563
C0187,2023Q2,88122878,26774451,194660123,91941166
C0181,2023Q3,8449537,33810169,239311933,78534071
C0253,2023Q2,80365670,48902515,390385800,157062112
C0036,2023Q4,68206250,48601170,243505185,109392321
C0021,2023Q2,10640759,10163828,408512130,71424349
C0298,2023Q2,23479929,46289474,344465197,191903884
C0378,2023Q4,47338151,20322546,199472090,83302067
C0057,2023Q3,77699977,29400573,279113803,127926055
C0286,2023Q3,42394648,22144879,2145924,298022535
C0201,2023Q2,58935989,25905028,239046765,208540431
C0317,2023Q3,8814422,4440393,462057385,111245510
C0306,2023Q2,77444853,11998291,278067242,50921446
C0350,2023Q2,71107483,314213,100868204,86218560
C0005,2023Q4,94703952,17324177,421630860,107130459
C0077,2023Q1,2466511,22673906,130325003,173720857
C0044,2023Q3,80702337,35291744,135686931,89812605
C0080,2023Q1,15712758,46860423,311344130,65162217
C0078,2023Q2,4112266,31330197,413474404,29988489
C0242,2023Q2,36135860,31128895,121647142,220812187
C0139,2023Q4,18547082,22470577,360910173,264464501
C0201,2023Q2,91905688,11522609,69470751,80666905
C0277,2023Q1,59089099,17565360,30512004,98300146
C0334,2023Q2,37395443,46470455,430889208,221879590
C0179,2023Q2,55309741,35526733,64828254,113007161
C0096,2023Q3,50827603,37073860,264712460,162114750
C0278,2023Q4,67350271,47777314,375742084,149572850
C0177,2023Q3,78672639,33051953,498853031,126952335
C0281,2023Q3,75707695,28397328,427842287,28746070
C0007,2023Q2,47550425,38065651,74894328,231848291
C0225,2023Q3,95154706,29423757,127871067,42041511
C0100,2023Q2,44984831,18709406,395930221,73533389
C0225,2023Q1,46383128,7769407,129989238,104109266
C0216,2023Q1,79936043,13373560,223595659,291671472
C0037,2023Q3,43002877,17064478,345101884,54964965
C0068,2023Q2,37168976,15303240,132568370,187305188
C0337,2023Q4,75659709,25773309,42930342,94267300
C0089,2023Q4,99450129,23477104,37602046,120752210
C0398,2023Q3,42756323,12982431,382739707,159251889
C0336,2023Q1,39938177,32789008,81878143,68503137
C0400,2023Q4,10357302,45657116,200755915,194187283
C0005,2023Q4,53236306,42277235,58830714,93378316
C0384,2023Q3,33561948,31671492,118680179,74966735
C0057,2023Q3,64129671,3262156,221056525,70286695
C0064,2023Q4,76080673,40229710,371667564,282212324
C0119,2023Q2,90932529,27479590,427107778,25228151
C0264,2023Q3,93066638,47196255,429867902,119667010
C0054,2023Q4,95315692,2826705,125904014,164566456
C0197,2023Q4,43075515,46198603,73107574,1136573
C0095,2023Q4,98912526,5210372,253998435,91970633
C0353,2023Q4,26518491,30369357,54900162,82528474
C0354,2023Q2,81581852,7008676,373685567,108163422
C0017,2023Q3,32777537,4022785,383878942,39795428
C0065,2023Q2,85553705,38218100,67334815,269065475
C0161,2023Q3,57328530,41542884,290290579,133375719
C0226,2023Q3,16331519,20875045,396934360,123695565
C0242,2023Q4,62020044,3363590,482748285,285545070
C0102,2023Q1,52625785,48626289,147499653,19803806
C0336,2023Q4,95798937,17796374,162417416,287770425
C0210,2023Q2,95552218,46559285,259652033,2981191
C0393,2023Q1,84993416,8648453,231504716,296862430
C0322,2023Q1,53613444,6112070,128948998,121684312
C0202,2023Q3,87616178,22862448,22523867,259121671
C0182,2023Q1,88684274,26800925,402893956,28410859
C0151,2023Q2,51862088,8844832,170654109,116986343
C0092,2023Q2,19702408,23949420,245432248,30408314
C0074,2023Q2,88454493,27558824,317809948,90740516
C0099,2023Q3,79086642,38740517,43518538,220491377
C0240,2023Q2,76547448,38975590,276028141,278478712
C0173,2023Q4,99247620,23069232,451919052,201621180
C0065,2023Q2,64810483,8411717,66685981,37780546
C0036,2023Q2,8594962,16456632,164257076,282596991
C0361,2023Q1,36217530,48949261,90867148,215934314
C0119,2023Q3,74958011,4161539,163156125,71265669
C0051,2023Q1,33597214,17261948,270447582,121030032
C0121,2023Q3,51509506,5537301,349306280,38743495
C0067,2023Q1,88634985,43596713,443558363,210870670
C0160,2023Q1,25145134,-860248,32160473,312656
C0100,2023Q2,73341058,37185867,122478164,78015268
C0021,2023Q4,6199961,34531401,458924292,255337838
C0171,2023Q2,29559867,14218598,63587654,164629032
C0023,2023Q2,77432454,2632865,42199798,272394298
C0342,2023Q1,37926759,26093333,354532609,207729196
C0353,2023Q3,39455790,34090012,47479602,261214276
C0324,2023Q3,77549276,40086544,118406455,279603617
C0166,2023Q1,57065876,10774366,277682199,204540233
C0059,2023Q3,14306369,5009031,414038032,76182569
C0366,2023Q2,47057582,5822184,20395795,176392390
C0192,2023Q3,68548209,31780171,294429126,128262697
C0115,2023Q3,21626149,34253298,434838908,3733520
C0138,2023Q4,49364953,46228209,358870824,247263991
C0184,2023Q2,15496019,48551825,329469673,252963651
C0108,2023Q3,16482315,15498220,66054813,235778308
C0192,2023Q2,83000257,48971568,30312842,232509845
C0241,2023Q4,3385812,6526336,281700322,48401272
C0397,2023Q4,71318053,35073442,315905385,199455493
C0102,2023Q1,2360316,49682376,284881352,40588709
C0156,2023Q4,27809152,25785260,202049023,180807425
C0285,2023Q3,4577650,48434867,250465779,78147714
C0155,2023Q4,55898046,13376762,134789714,280907267
C0374,2023Q2,57817290,15756146,125747819,126053055
C0160,2023Q3,28464087,36573004,187729157,163725060
C0345,2023Q2,75471717,40942854,133806819,297444038
C0136,2023Q3,74827211,9115569,371057180,113210650
C0186,2023Q4,48693293,27031989,87834484,182555741
C0158,2023Q2,36910843,1200880,25434095,3138992
C0200,2023Q2,40999242,42250918,475639714,20245934
C0167,2023Q1,24241197,21990091,390859270,271113575
C0040,2023Q1,63288240,48496124,30444617,218067579
C0068,2023Q4,88611084,47623207,176475586,100395150
C0143,2023Q3,98809919,1079441,425405930,1021357
C0250,2023Q4,95776341,37180570,335983541,54884416
C0081,2023Q1,50173320,12478640,154311287,85161205
C0046,2023Q3,10352156,38416378,335331673,227017395
C0095,2023Q3,39904438,26095708,76634923,209838018
C0073,2023Q4,64708536,41077411,363634393,146711183
C0285,2023Q3,33145745,22460909,1252672,62953007
C0090,2023Q4,13801099,41177690,34700516,47173710
C0008,2023Q4,70017582,939168,414296604,224266450
C0235,2023Q2,24074761,34427006,317247986,35055320
C0347,2023Q2,52372602,36719440,377725404,104929263
C0333,2023Q1,51112833,44929356,2937934,117810397
C0223,2023Q3,74797175,14007912,437402256,222067385
C0359,2023Q4,72693663,22595561,366140053,215956329
C0079,2023Q2,89776613,1851665,465726025,269419746
C0348,2023Q2,4572365,38755427,457166119,299489384
C0178,2023Q3,61080920,37465215,155165831,230108006
C0259,2023Q4,346025,16100611,191917132,224086884
C0225,2023Q2,97057066,11545398,329175942,76818774
C0397,2023Q3,97579668,39694201,267601789,269547870
C0314,2023Q3,24554803,18685031,276647489,3409690
C0028,2023Q1,84198631,3851660,487915014,182958694
C0064,2023Q1,23278253,43055907,112242686,214587465
C0200,2023Q1,42233997,16710901,23366880,29145389
C0251,2023Q4,7259965,5922283,423091292,105039111
C0346,2023Q1,20050896,18953614,267672898,244815728
C0191,2023Q2,73301974,13462618,265739597,179619034
C0276,2023Q2,78220001,31616432,341037942,223811197
C0006,2023Q2,23727863,48663229,325684320,154846728
C0014,2023Q3,70944771,14365807,91087948,63443736
C0167,2023Q2,67702960,19055248,434354132,173837837
C0156,2023Q3,54579877,46136256,329444277,205323634
C0369,2023Q3,12656158,45533944,488183260,69742468
C0005,2023Q1,56015694,14852872,404176793,113826974
C0347,2023Q2,48805933,40128512,279047712,211034743
C0097,2023Q3,44474140,33244867,442082617,41402685
C0072,2023Q4,88534283,38268201,64341588,245836859
C0337,2023Q3,9912773,-225961,252981908,153489089
C0190,2023Q1,4993025,21945210,41199751,42846994
C0308,2023Q1,86385872,19295429,271591555,74727819
C0284,2023Q3,93153119,31364625,14937200,145351954
C0389,2023Q3,22179339,3207398,246704952,15715228
C0280,2023Q3,15596578,33307046,138084568,195771786
C0019,2023Q4,7308378,24084234,432326903,125821954
C0008,2023Q1,8459683,48877173,373851416,108664247
C0392,2023Q1,13649065,19893740,337240162,173240415
C0095,2023Q2,89105582,18897321,159251893,43260171
C0367,2023Q3,23342522,21547130,385970850,193867608
C0042,2023Q3,30809268,32948741,472623835,204015013
C0188,2023Q4,12364029,13605534,224539673,186950459
C0219,2023Q4,52289619,25920373,452822111,225696573
C0211,2023Q1,4880562,23245859,329131099,164276015
C0199,2023Q2,13807920,35053230,162925850,208361555
C0270,2023Q1,36569034,27338291,151216513,227821777
C0380,2023Q3,10687381,40345458,209551736,42579420
C0254,2023Q4,21710522,24620315,77498369,20001288
C0242,2023Q3,10483607,47445142,100190415,130604578
C0003,2023Q3,84867651,41337953,83524781,149255274
C0307,2023Q4,98732223,28924540,304622454,37410665
C0145,2023Q1,89028162,5128701,332480382,286112466
C0237,2023Q1,65732063,41879770,289869021,98116612
C0048,2023Q1,25103193,6025034,23151708,289694844
C0351,2023Q1,41271235,33731795,371095779,199061344
C0344,2023Q2,12263799,29136836,67649993,128371502
C0246,2023Q4,94031402,18904169,479194375,138184596
C0106,2023Q1,846536,22752717,74679286,20707115
C0077,2023Q2,19642066,28246842,494949476,192805445
C0386,2023Q3,99171851,35259302,63063848,57750871
C0195,2023Q4,76727598,9070636,44044626,285110616
C0255,2023Q2,20687870,47333039,45354974,104347894
C0278,2023Q2,57335151,30786249,66950244,193825872
C0122,2023Q3,96828872,23334082,75654294,59705820
C0098,2023Q4,21579510,20526955,172280769,290682994
C0380,2023Q1,99179471,18392565,363243940,135792636
C0045,2023Q3,24382484,15900674,434326030,72417275
C0279,2023Q2,56228660,40702848,77803551,271555280
C0393,2023Q2,6825714,22517005,122090079,261440299
C0064,2023Q2,81163884,13471927,386075243,160844661
C0046,2023Q3,46764381,22184201,457411601,163196370
C0030,2023Q3,96554441,4896778,94132397,93221723
C0331,2023Q2,75949954,6354924,326974553,4945724
C0284,2023Q1,87986511,28516694,420453899,190925240
C0019,2023Q2,12067137,26831952,19148920,148795504
C0259,2023Q4,94374073,43624449,489306442,159932345
C0370,2023Q4,53945816,40259850,171207068,250070667
C0070,2023Q3,99407313,8477409,253326935,290170744
C0089,2023Q1,140131,4178692,281794929,288003401
C0193,2023Q1,58344425,11359322,485115228,213763640
C0279,2023Q3,74314698,42695644,85349120,194293855
C0009,2023Q4,23465221,41137619,449609137,200435868
C0026,2023Q3,83415860,34645154,395331974,169848641
C0241,2023Q1,92444818,43641925,435388595,252619713
C0341,2023Q1,58978238,29907681,478320641,253104
C0247,2023Q3,95856120,34331510,49209760,245616728
C0068,2023Q1,61107785,1332966,465763748,64111047
C0075,2023Q1,8061194,3202067,91361247,1481811
C0381,2023Q2,71816309,21389949,433757332,283720941
C0248,2023Q3,61273615,3111221,132529292,111607292
C0190,2023Q1,2101736,10138023,479063009,266827037
C0262,2023Q4,80360539,7878487,344435081,290177425
C0134,2023Q4,25371890,17019646,211972921,119780625
C0262,2023Q1,72240048,11945801,325803088,239817791
C0108,2023Q2,54303179,12200585,222178108,110996228
C0049,2023Q3,38675510,15817954,40587790,123830846
C0014,2023Q4,81599005,47766198,217026232,201682747
C0204,2023Q3,97565141,9492403,149031614,223472085
C0183,2023Q1,5803822,42310669,451137392,83594624
C0399,2023Q1,22170984,8466508,13908591,98925772
C0346,2023Q3,43288673,34487046,256277107,271448564
C0206,2023Q3,3441926,14312206,361686091,94294656
C0351,2023Q3,39472085,46475104,303090515,222475877
C0234,2023Q2,56547136,32593530,250309495,237579746
C0080,2023Q1,51421267,47163747,253782568,204095608
C0078,2023Q4,44091633,22500335,142489681,196062208
C0279,2023Q3,80476581,9540242,455662441,134898563
C0246,2023Q4,69327204,19335510,80323264,291610665
C0258,2023Q1,22114926,43616772,339945597,290755584
C0296,2023Q3,64619155,9511632,392015277,49081793
C0119,2023Q4,20503066,8235465,304846212,146440235
C0316,2023Q3,80649659,5121872,151593039,34947709
C0155,2023Q2,55656542,44889665,417618527,121471012
C0113,2023Q4,62752135,35289257,188936176,103322192
C0107,2023Q2,36276013,11669127,239847169,1015559
C0156,2023Q1,28513698,35710700,20014517,34806020
C0009,2023Q3,96934957,13463504,215965338,195522973
C0070,2023Q1,16702182,22850664,279554232,287414854
C0308,2023Q4,7347382,35988920,313145330,11746393
C0312,2023Q4,60634073,45773293,337964629,256179610
C0200,2023Q2,58524030,11864121,448079169,214932432
C0350,2023Q2,45263041,44792740,485746795,42151841
C0357,2023Q4,54651361,511489,372609771,1496489
C0220,2023Q3,23402626,44305882,312464906,92050810
C0231,2023Q2,21351628,7795057,10180286,208078026
C0091,2023Q4,73446736,49015846,138323756,94647561
C0012,2023Q4,51494627,40847457,191045539,90613171
C0296,2023Q1,2389883,37786816,31615136,57084033
C0291,2023Q2,38902767,13060714,496569675,136079733
C0327,2023Q4,51239081,31495035,202974814,266778133
C0093,2023Q4,27332927,42764871,306630855,140463732
C0355,2023Q3,64232315,1994704,450470565,155465903
C0132,2023Q2,74347446,108228,449547807,268205503
C0128,2023Q4,22520797,7950548,473541439,288583966
C0290,2023Q1,13780817,18032145,174655834,162595318
C0245,2023Q3,93950098,12692711,84895482,288110381
C0327,2023Q4,22231968,3635957,88142657,11220749
C0267,2023Q2,838278,13644895,482909001,248210063
C0012,2023Q1,84128702,42138951,172126616,213746425
C0359,2023Q3,26210511,14551427,77197324,283191778
C0130,2023Q2,21343515,42588603,87758087,37055300
C0216,2023Q2,82088763,5980074,475382805,8413497
C0158,2023Q1,110918,8943577,117709081,43426883
C0114,2023Q3,56174295,46301029,293373098,33496611
C0276,2023Q4,96963580,14571838,343666396,20040425
C0176,2023Q2,73791929,48115575,76181405,30138726
C0126,2023Q2,60089489,40611662,315655886,138556461
C0374,2023Q4,22761620,41161546,220050944,235007498
C0108,2023Q2,93507836,15155907,235039359,173596710
C0293,2023Q2,31737142,46945459,305074316,291728614
C0057,2023Q2,95794003,6799352,366956292,294497102
C0004,2023Q4,40131142,5555027,28925778,11713223
C0359,2023Q2,7264613,37402632,143808497,99654949
C0187,2023Q3,68736000,29532936,76681528,11477673
C0174,2023Q4,23267498,18643457,259116683,11272067
C0283,2023Q2,65572279,24837468,371434845,287895383
C0218,2023Q2,99334406,4963297,406580648,164749995
C0029,2023Q2,98671858,46485878,449518474,295588617
C0328,2023Q1,83909813,3923836,359484584,255414149
C0223,2023Q2,99309390,21446812,446711674,197532931
C0174,2023Q3,65812271,38300012,226840304,253718219
C0147,2023Q1,39496305,20678243,269172539,56591998
C0038,2023Q2,97079595,49372814,234904203,27632237
C0351,2023Q4,60809002,1730511,85333688,284761397
C0332,2023Q1,68359057,22787049,4715207,125561888
C0106,2023Q4,34005891,28867176,496708665,1982312
C0256,2023Q1,64549119,6690656,197626507,20845759
C0003,2023Q2,70772832,2673209,174300448,248749481
C0128,2023Q1,89778412,8495404,302684187,181035090
C0027,2023Q1,72868949,41910380,98380518,293436000
C0141,2023Q4,11537256,8154456,56317191,259708780
C0151,2023Q2,41795282,17091773,371124284,80498312
C0374,2023Q1,96264719,23798534,250624559,8529466
C0072,2023Q2,65661724,20712440,223013118,70255376
C0030,2023Q1,4277804,15700673,450178471,275051399
C0387,2023Q3,12275068,32985757,121249242,267056125
C0393,2023Q1,57737902,21895618,368255205,200262853
C0324,2023Q1,57831927,16994525,422839451,138576759
C0115,2023Q3,96906905,29207893,146820229,134720455
C0354,2023Q1,98237070,22947614,225782009,253580794
C0128,2023Q3,39367780,10940251,425416714,243960896
C0243,2023Q2,32644076,10750689,193278867,123134725
C0073,2023Q1,25456536,29459558,99779269,145622479
C0282,2023Q3,16643393,17301986,228904099,140171365
C0201,2023Q2,50940221,45387786,135492134,68620407
C0205,2023Q2,74178895,38658969,348571583,137225799
C0115,2023Q2,7876167,14054130,483676760,81859277
C0362,2023Q2,34154004,11974380,157587437,127957394
C0174,2023Q1,57280692,20926441,98723052,67444767
C0268,2023Q3,76969017,9154470,241118565,95276484
C0128,2023Q4,63675302,7939820,138576184,139650690
C0205,2023Q1,5303278,18360117,25191295,165159824
C0179,2023Q4,42020430,29488669,6259608,294599265
C0045,2023Q4,4476047,14803257,236638339,148109165
C0315,2023Q1,15583174,46210965,176961908,18533134
C0341,2023Q4,92945576,8317950,49973810,206369557
C0391,2023Q1,9878998,28964137,196125334,39936768
C0194,2023Q2,30156286,-401294,256628552,116882369
C0149,2023Q2,17528928,22311678,419559290,126509369
C0223,2023Q3,18960911,47515342,16825239,245824240
C0101,2023Q4,32452140,33425478,174016731,227178893
C0216,2023Q4,90883897,32606965,145708038,268851730
C0106,2023Q4,33053449,-534213,494680153,23422704
C0012,2023Q3,79344653,4612887,463127685,274006197
C0203,2023Q1,42412411,40300008,352315698,221999539
C0310,2023Q4,75933849,27032685,77315322,44095793
C0047,2023Q4,19835385,44826800,370734147,173456798
C0050,2023Q3,63494532,27561222,164293069,125477944
C0165,2023Q3,38761928,29094198,212132955,137826509
C0015,2023Q1,85633000,3589257,235313559,113918765
C0024,2023Q2,89094319,12265717,137702569,200085931
C0368,2023Q1,92041463,14798848,468128534,167184108
C0121,2023Q1,11184397,22565109,1309452,14474151
C0054,2023Q1,73437593,-391011,422225970,200482316
C0320,2023Q1,7178683,31617796,3482757,82941450
C0127,2023Q4,70971435,20024408,417356493,140678693
C0155,2023Q2,71560372,28456207,350238510,183770654
C0084,2023Q4,12852942,6339326,466655272,42031124
C0001,2023Q2,74598727,34145014,326347121,10753851
C0025,2023Q2,13204950,39409128,261849731,263100633
C0162,2023Q2,94008752,15644449,352753611,27171374
C0128,2023Q1,15507253,34029453,493417052,79399810
C0176,2023Q2,82816470,24301529,140294258,154138838
C0214,2023Q3,15052200,32799147,193442122,241625309
C0252,2023Q2,81171273,11167575,432181174,14711269
C0151,2023Q2,16111382,15826029,374340214,261231802
C0030,2023Q3,19428083,8746408,183451919,236566490
C0274,2023Q1,50396725,2122936,90838145,64168309
C0084,2023Q1,95132827,26845300,391345907,70273848
C0004,2023Q1,56650846,37890738,207312337,242350809
C0170,2023Q2,93337394,16622180,135885236,236748036
C0185,2023Q4,14649903,40930213,178988669,112354969
C0362,2023Q1,66846460,11475613,122056419,205439996
C0366,2023Q1,36934756,26740809,184527893,122688080
C0272,2023Q2,91276980,55077,368693385,125773021
C0312,2023Q2,73885750,44586569,101796789,214427315
C0269,2023Q1,36099752,1532508,149419507,268687370
C0037,2023Q4,28002985,33379604,276592930,125274934
C0011,2023Q1,25360956,35466638,483027267,173033256
C0336,2023Q4,49642864,38048680,264039732,193417441
C0072,2023Q4,54649361,13889041,473862995,152788573
C0285,2023Q4,60428549,43760470,295839339,12375893
C0115,2023Q2,64218866,24762918,262339801,135349953
C0147,2023Q3,64489762,23063850,389732580,78621578
C0253,2023Q1,9305910,43674874,356665139,112479828
C0005,2023Q2,65174686,39410689,49420580,174964333
C0369,2023Q3,29525360,39614659,59255482,62682434
C0171,2023Q1,73572519,31879463,158776182,60622105
C0035,2023Q4,9592614,43968487,107232979,161727193
C0184,2023Q4,89147723,1149204,117135912,39467945
C0235,2023Q1,30460429,28443872,217813477,2904082
C0088,2023Q2,13577156,10998787,474425295,147769557
C0011,2023Q3,51875587,19277887,346916791,231740356
C0152,2023Q2,27875477,15650425,339157673,271638544
C0152,2023Q3,89081635,21634663,109479818,248596651
C0274,2023Q2,10361964,1047779,393386520,68408082
C0378,2023Q1,96132573,48810254,162710413,190689900
C0053,2023Q4,48688612,25305073,485608692,114237494
C0393,2023Q3,95762312,8408807,31535368,156456736
C0350,2023Q4,18660950,13932124,103530225,17410329
C0221,2023Q3,22247003,8505373,1491443,266572708
C0191,2023Q3,68051109,19055641,108882811,252264252
C0166,2023Q4,83792482,8511406,368893169,276418823
C0269,2023Q4,17231363,46510570,117066817,159945233
C0170,2023Q3,94436628,30154335,199192033,162829315
C0050,2023Q4,89032760,39664456,193327021,230219123
C0348,2023Q1,25986350,38311436,24434190,17257403
C0014,2023Q4,93775123,29845088,453912982,153079048
C0257,2023Q1,23125764,36352386,64303022,118611890
C0188,2023Q3,15224890,38688,291523977,110109285
C0073,2023Q2,65211996,22458073,441680888,67306581
C0089,2023Q2,98448505,18612854,18442348,143242034
C0216,2023Q2,9404118,17484783,259701129,169424105
C0153,2023Q2,53893614,32403463,38598607,42023072
C0051,2023Q4,58761964,2901543,100314607,56682728
C0388,2023Q4,7801295,25889537,28354987,7226022
C0269,2023Q4,38548323,9786657,320766413,181660051
C0366,2023Q3,12801220,32639440,464096432,192847686
C0136,2023Q4,68216003,4251869,211891590,166505651
C0250,2023Q1,7868258,24866127,56663443,67820014
C0184,2023Q2,38427147,41036166,42859797,245412657
C0285,2023Q3,42057149,2382298,155953368,125898366
C0310,2023Q3,80223845,3935121,141108470,96623354
C0292,2023Q1,57356031,30658743,436086889,129042887
C0070,2023Q3,41345121,18808879,86116553,285181634
C0380,2023Q3,1308746,39872476,174468520,206055904
C0209,2023Q1,56867467,40093431,353592031,14693576
C0288,2023Q3,57488907,29655386,36350755,88649099
C0258,2023Q3,35827030,45648343,488325408,212937209
C0373,2023Q1,2040229,27915355,19839295,172245791
C0070,2023Q4,17201565,3046289,487323053,214137724
C0307,2023Q3,14698045,11208932,362534887,159649791
C0223,2023Q3,59187820,13020157,413496776,243351151
C0016,2023Q3,84520862,35003890,55991060,260903916
C0100,2023Q1,29513971,10650043,133115291,222932736
C0347,2023Q1,67704789,10863455,51436405,60837621
C0315,2023Q1,9557028,7824831,430424221,7000183
C0286,2023Q4,41342634,5181553,216296143,243036357
C0267,2023Q4,26685463,47029552,287631979,62273891
C0091,2023Q1,81890893,33386109,76820898,22180187
C0033,2023Q4,77565982,15079731,420585429,228288802
C0229,2023Q1,21911019,1196168,463033236,118314973
C0172,2023Q4,31359465,45783843,340191530,258874237
C0292,2023Q1,47519961,8443420,317861062,208075379
C0285,2023Q4,66947365,1976651,64752241,240186812
C0329,2023Q2,15813857,46967170,378396953,134829816
C0224,2023Q2,7455234,29677995,61484652,257582675
C0145,2023Q3,53910885,15327026,384673574,237309075
C0269,2023Q2,82615636,25528801,149336814,205887703
C0119,2023Q3,95148879,18700908,371407104,267192512
C0311,2023Q1,81868471,13872525,123019567,114439525
C0334,2023Q1,96076794,37384724,2181006,18326674
C0145,2023Q2,57399127,37502188,416405642,215368803
C0171,2023Q3,36649696,110112,8051390,230786242
C0240,2023Q1,9276941,47281014,380346571,224166832
C0304,2023Q4,50920315,48403548,401892001,144129011
C0285,2023Q3,24870618,22744490,230038666,262356897
C0097,2023Q2,83776485,3452530,58923270,244832880
C0216,2023Q3,93425716,21902470,355021004,254534314
C0352,2023Q4,24765340,46081100,363548064,197501158
C0071,2023Q2,5497070,5023664,464746099,298005457
C0119,2023Q4,23439203,30982565,461461518,84944787
C0004,2023Q4,25006913,4507469,265716440,195723208
C0233,2023Q3,20071171,20985092,181367335,7689365
C0074,2023Q3,70741823,12872988,2744758,92778139
C0110,2023Q2,29453158,20345725,128375566,207554511
C0391,2023Q2,70282115,45095249,169450666,127508337
C0139,2023Q2,37593511,48968418,351562798,151912975
C0166,2023Q3,15523700,11365036,465717945,249322730
C0345,2023Q3,69997291,41557605,212616638,52077688
C0378,2023Q1,57336184,43397528,39377452,124646692
C0393,2023Q4,53837771,16471420,43867182,32788249
C0109,2023Q4,88894370,43899983,2061416,22606483
C0126,2023Q1,49313279,16244744,278447238,157543513
C0061,2023Q3,42630754,19915795,300395936,36878214
C0278,2023Q3,59386188,17100200,187774475,57621476
C0228,2023Q4,82378287,49831609,290848844,142250050
C0257,2023Q3,66589832,2533373,294194171,255875184
C0017,2023Q4,44840055,31369261,462047521,76564704
C0255,2023Q1,27032481,-518973,294076579,143801104
C0153,2023Q1,76770946,30645350,202969192,5306297
C0280,2023Q3,7231103,37224071,97517688,208979303
C0371,2023Q2,99204733,28342067,214953134,114169908
C0381,2023Q2,39442257,26711375,272442644,269520077
C0378,2023Q2,96814437,37254859,120204723,197415036
C0158,2023Q3,19740750,12084357,191169874,210086195
C0163,2023Q3,67094644,22658064,414806037,244362714
C0357,2023Q3,71149815,33389089,152929097,127970093
C0339,2023Q4,81623325,30737606,104810747,277332124
C0075,2023Q4,72170506,32235522,258552029,208173410
C0276,2023Q2,43677634,16815647,81805514,68957950
C0183,2023Q4,61626713,13789496,155124129,50202055
C0005,2023Q3,53677233,23894536,148581539,74081997
C0156,2023Q4,30436037,41078538,29963753,162054747
C0057,2023Q4,37380077,37266305,256234296,265355281
C0114,2023Q3,55075479,24242974,299321135,49211690
C0242,2023Q1,28645431,38214617,427924281,263327086
C0269,2023Q4,49880565,21397584,204349538,101123203
C0369,2023Q1,40886001,5381916,215223832,147843063
C0379,2023Q1,2989200,41577749,56840937,151167353
C0274,2023Q3,38181085,16228247,377670886,131641765
C0056,2023Q4,72756196,15647810,32803339,79684647
C0051,2023Q1,94015334,17339798,227071835,180551331
C0216,2023Q4,94172221,29362538,164887005,245281856
C0060,2023Q4,79249927,26096394,413558223,17238171
C0235,2023Q1,46031051,1663501,35524875,285575715
C0030,2023Q2,28144477,7735120,182630374,240190692
C0108,2023Q4,58276244,34214818,256686749,185227679
C0175,2023Q3,51709116,30754745,64143488,19455003
C0378,2023Q2,60213815,14133477,76420462,139733794
C0259,2023Q1,39268193,10325445,462530435,139277311
C0061,2023Q4,26072060,42230497,349835044,151903674
C0327,2023Q2,37529995,23743880,242384430,236369756
C0394,2023Q3,53870060,14134873,271683124,52814182
C0283,2023Q1,28872489,42037298,16242682,81015657
C0166,2023Q3,34091115,29067029,143700130,203637800
C0170,2023Q1,28491421,43674525,86196657,162178520
C0274,2023Q1,71909681,10617615,11415454,110954442
C0290,2023Q4,33634390,19992313,465154390,142008112
C0011,2023Q1,92571140,20076329,138846214,101263365
C0180,2023Q2,65377419,45412274,330592191,78273953
C0305,2023Q4,48669087,1597278,123936843,94843057
C0142,2023Q3,98507182,31915418,191734700,63021321
C0222,2023Q2,2814893,38233507,372182795,9622799
C0394,2023Q2,72919784,30954295,272858069,167465072
C0101,2023Q2,18261695,11801646,179586082,145393836
C0069,2023Q2,14532234,-359416,274080375,17787898
C0384,2023Q2,86774450,36857742,121727072,283879460
C0225,2023Q1,24069946,18177903,52804255,232183497
C0078,2023Q1,26721655,72721,450578319,205546172
C0328,2023Q2,10601037,19138701,98131266,24178895
C0187,2023Q3,15537523,1543589,199602188,77034136
C0267,2023Q3,71527261,29473380,330641522,685959
C0018,2023Q4,73318903,8771874,460343119,71069101
C0320,2023Q1,39591801,24365736,492058067,179839857
C0103,2023Q4,81151731,35354272,5627923,7996428
C0257,2023Q3,90054004,23621709,212867385,77136958
C0383,2023Q1,11437694,14697976,166193471,226287368
C0059,2023Q2,12136500,47136092,194674792,142550486
C0096,2023Q1,90929459,40709054,282728049,155479960
C0150,2023Q3,2044971,17005033,411077560,40176584
C0102,2023Q1,48865487,24281925,24870831,56580555
C0366,2023Q2,10670982,34404078,94318355,171861769
C0375,2023Q3,12057998,4588270,465730285,20881075
C0099,2023Q3,81941790,40365333,277011548,198454946
C0060,2023Q1,95338733,8452367,40947681,272760225
C0091,2023Q1,50496527,85243,273415450,262577307
C0309,2023Q4,68201220,-798135,119765553,85883478
C0157,2023Q3,22206745,25186656,331129486,280986141
C0269,2023Q2,98292530,3666934,438180954,196875554
C0311,2023Q3,84554204,11352613,126332581,237874241
C0237,2023Q2,22228925,39013973,234966173,143891676
C0047,2023Q2,48873740,24341319,201717445,103820806
C0027,2023Q3,29438467,20009266,356660195,73720346
C0236,2023Q2,14681783,23424485,410382480,291395445
C0282,2023Q4,94342650,41594841,427154654,46677261
C0295,2023Q1,38363887,20658537,68646291,130927848
C0336,2023Q4,49689631,25265423,259483230,245401664
C0265,2023Q1,81807748,16467742,258498384,155062024
C0140,2023Q4,25727438,13838820,223529794,209831907
C0115,2023Q3,84122028,30286585,421071276,67523259
C0005,2023Q3,36735319,37070554,140853043,2408422
C0296,2023Q3,82868329,42096219,73452361,71766859
C0198,2023Q1,52941435,42758436,57054057,46542306
C0033,2023Q2,60757974,25411862,325892051,95488017
C0127,2023Q1,25495392,47108924,497134189,140985398
C0300,2023Q1,43470863,17726359,57110014,11716418
C0277,2023Q2,69519030,11618857,495814723,74260669
C0200,2023Q2,18152198,35467431,13055420,280555121
C0187,2023Q3,42860712,22537444,434208400,51438579
C0311,2023Q4,13214169,31923187,444150447,256331844
C0321,2023Q2,80359802,21984345,183232178,46287017
C0229,2023Q4,51034977,15468382,339967160,74469260
C0297,2023Q3,94179917,28952647,402423981,262020914
C0087,2023Q4,78458676,21200182,186952181,101686355
C0078,2023Q3,49770355,31213821,83031317,123591726
C0295,2023Q4,74087846,44047839,14441546,286694188
C0122,2023Q3,37408296,37755365,18248237,291849161
C0200,2023Q2,93127691,44222739,103365183,228864422
C0282,2023Q3,43272828,24727200,432752527,57341636
C0149,2023Q2,6107315,20695092,126120952,128364660
C0146,2023Q1,74318154,49565127,435590481,213426782
C0259,2023Q2,78180888,15531672,364380962,296263495
C0110,2023Q2,43653982,-369430,362073714,188557660
C0343,2023Q3,48101554,-442247,338151749,10449133
C0106,2023Q2,26177752,1060928,344245428,79560816
C0400,2023Q4,29522992,46745780,325366002,141303365
C0303,2023Q4,73161228,22302488,174616041,238990112
C0039,2023Q2,92580377,25496317,401617656,140201026
C0113,2023Q1,96550839,6880767,376762010,199569366
C0014,2023Q2,86157905,44451495,451254441,117791646
C0138,2023Q2,14578662,19682062,117349686,192490766
C0222,2023Q1,82678308,23492315,326881430,273255845
C0255,2023Q2,34923570,20185316,80490010,228028773
C0073,2023Q2,85502815,43639814,58032267,22351595
C0210,2023Q2,12144766,31338685,456759510,45581367
C0142,2023Q3,40387554,33414099,256984046,233350933
C0077,2023Q4,36223159,41442166,167054053,246786950
C0221,2023Q4,38727402,28720269,439482728,189646737
C0196,2023Q4,18693221,48457353,220902525,232411750
C0277,2023Q1,8216867,16920652,113140163,133399152
C0343,2023Q4,33681659,37108290,403107662,241274840
C0105,2023Q4,74426462,5646978,166734401,30966724
C0102,2023Q1,26593520,3679107,380989676,261252780
C0236,2023Q3,38310791,18077834,230610259,134814721
C0400,2023Q4,79594692,4319439,122319551,236498924
C0075,2023Q4,49635606,47895713,212872174,163567978
C0379,2023Q4,15786447,18290980,479311836,21660843
C0142,2023Q4,85674512,27081282,6659553,152205710
C0174,2023Q3,14960837,16699883,272479122,63442120
C0187,2023Q3,81739068,28180422,65508145,32890821
C0111,2023Q4,81932888,28445487,253996255,212130765
C0288,2023Q2,52987483,35095224,309313828,189533433
C0333,2023Q3,26013934,10562696,423076820,82690328
C0271,2023Q4,11046545,14612262,267020864,35363271
C0124,2023Q3,32876709,26964438,107429167,283103114
C0177,2023Q4,35982440,39208373,104369808,51357105
C0197,2023Q2,66605114,1844433,436428078,258664349
C0384,2023Q3,80779578,20292390,450725173,288598114
C0104,2023Q3,86624380,35021716,498214655,49127203
C0052,2023Q3,46902514,10958938,162166152,18104308
C0220,2023Q2,85425147,4968367,417309661,35320930
C0252,2023Q4,86901287,27557938,172072129,147734973
C0162,2023Q1,42765117,11426969,77302639,297807705
C0267,2023Q1,47373278,28409984,135353235,150091820
C0141,2023Q2,9558426,12629546,471848157,283521807
C0025,2023Q1,44573569,6748162,118787758,165228814
C0138,2023Q2,71366306,19756748,76368876,137344738
C0242,2023Q2,40460180,9053638,421577811,238701608
C0008,2023Q1,9734662,30116098,44351332,110843371
C0177,2023Q3,72850787,43407499,224821583,272187691
C0220,2023Q1,34561745,-743517,330742514,207380216
C0155,2023Q3,84708787,49241170,25228142,195602032
C0130,2023Q2,94441223,17853835,322915062,165165460
C0400,2023Q1,8099227,42911330,360102554,107634381
C0172,2023Q3,72241161,27425037,68949942,177667657
C0192,2023Q2,78859081,9781303,226834911,100009471
C0206,2023Q1,50487786,49622534,141992759,259262865
C0263,2023Q3,82462040,28034750,403084797,108343556
C0360,2023Q1,50471039,29469458,226285649,229628801
C0068,2023Q4,4885438,9553353,464910528,93752089
C0204,2023Q1,50464201,30948672,83933756,296839154
C0123,2023Q2,72386150,4191784,441276696,173127756
C0171,2023Q1,20176795,15051192,164611847,147693143
C0068,2023Q4,33306780,1782637,18835090,298858673
C0090,2023Q2,80774043,21254682,301284392,54516894
C0352,2023Q2,1468069,48759962,253402349,170661187
C0003,2023Q3,670302,45611802,247697246,107101920
C0338,2023Q1,13351720,34801115,208611147,114679092
C0064,2023Q3,62346634,6205873,195337015,289133252
C0316,2023Q2,94924352,27957806,234554283,17476012
C0350,2023Q1,97779240,2766882,17085286,98293846
C0121,2023Q4,27273948,41639884,293957456,183618063
C0239,2023Q1,23054866,44902393,282587370,26551067
C0398,2023Q1,24088455,35741763,426903555,56981614
C0094,2023Q3,51616093,14063999,326500797,293391422
C0357,2023Q3,71881139,32178281,362620423,111954839
C0225,2023Q2,31011315,32243244,281336400,28731953
C0344,2023Q1,51792835,6369504,297889181,67174171
C0210,2023Q2,84790043,45623052,409756992,45287309
C0047,2023Q1,45076975,41289938,228534809,260249877
C0386,2023Q3,27809728,1683940,178131383,176921974
C0262,2023Q1,97364484,4760054,449610995,147777957
C0215,2023Q2,53964076,20932119,60419401,43275695
C0294,2023Q1,53519722,25127681,470517253,252646013
C0053,2023Q3,212379,15751537,446557084,229882395
C0154,2023Q1,50666228,10716026,153021844,236682057
C0007,2023Q2,54087982,48753876,384438038,225409942
C0265,2023Q1,280822,12717642,37382865,138692008
C0296,2023Q3,76044840,48699393,460120486,203001601
C0268,2023Q4,46528205,26604094,252313202,32829188
C0024,2023Q3,17869945,9898777,201924765,287804901
C0107,2023Q4,86670339,34346853,472651416,122976461
C0394,2023Q1,39103908,12636737,315038875,85166369
C0037,2023Q4,95703993,35828260,107633211,6653762
C0169,2023Q3,68937575,31124115,218412720,71223996
C0048,2023Q2,25709259,34042831,115230469,79560971
C0193,2023Q2,14595555,38881715,226617359,177286098
C0356,2023Q4,29150101,11980672,82030306,100807586
C0189,2023Q1,16364287,22876664,226924959,105822997
C0133,2023Q3,66614594,17360142,301259973,281544086
C0227,2023Q4,12089294,42236013,135717274,17821619
C0378,2023Q2,94370542,1258896,289347353,172567045
C0226,2023Q2,83619226,33513571,383457521,133690184
C0374,2023Q3,97576514,18432936,284824748,295012606
C0356,2023Q2,65289740,22420703,384638355,44210800
C0398,2023Q3,59471336,27393799,254617699,243671391
C0323,2023Q4,36021409,18857855,62254188,267217326
C0078,2023Q3,73702056,30668052,426694085,23699487
C0134,2023Q4,39852045,29637355,63771577,70196544
C0159,2023Q2,35916308,18193616,476142860,185552308
C0083,2023Q1,12545344,38414893,186870243,112842795
C0168,2023Q4,89022034,33348737,3054700,128410118
C0040,2023Q1,55120234,34613012,80024984,84477108
C0007,2023Q4,46386009,33308096,160152492,153399034
C0389,2023Q3,17411623,3233485,198994507,105188165
C0339,2023Q3,44726768,13927401,138316839,185968976
C0081,2023Q3,76818852,39697201,349111357,214947535
C0105,2023Q1,46132821,20811744,208134461,41636240
C0013,2023Q2,63418628,38883301,247110702,220455488
C0090,2023Q3,55597913,25817537,54450398,183421758
C0301,2023Q1,48970486,9267592,417334693,137871593
C0151,2023Q3,58640911,8625944,273820013,120961336
C0245,2023Q2,70039962,-742634,204941283,134740926
C0296,2023Q3,13333225,49818120,75013349,80827213
C0183,2023Q3,98893383,46179717,144036622,258233939
C0349,2023Q1,52490936,15116004,390783351,164301656
C0207,2023Q2,81260504,37656452,279198957,60710798
C0277,2023Q2,90071757,39849338,5182880,14869798
C0189,2023Q2,79280749,5127524,258307940,112879314
C0038,2023Q3,27856796,25898387,176522769,28837434
C0121,2023Q3,1317692,18327450,376118166,206034260
C0332,2023Q2,75604037,22254365,68405345,269100755
C0365,2023Q4,55885504,21966193,189102953,279166102
C0377,2023Q1,61196712,13382520,259768702,184539019
C0132,2023Q4,57078371,42781096,416382510,13250710
C0348,2023Q2,71561982,13906667,463159312,16730004
C0132,2023Q3,53105551,48185994,468609904,233364971
C0326,2023Q3,26110537,15513712,48302763,49874552
C0368,2023Q1,20182621,38673874,88986469,289211845
C0190,2023Q2,87410369,8333569,23509452,55172226
C0068,2023Q1,33308809,5022835,456223974,190431626
C0109,2023Q4,43991880,5910579,295864900,286708520
C0303,2023Q1,37790743,23872335,37782875,73733803
C0048,2023Q1,16411276,45953937,145295107,47484377
C0220,2023Q4,79820144,763835,269514326,169812458
C0189,2023Q3,99679913,-52515,251891845,13920873
C0397,2023Q3,81164021,31612870,117518773,263888807
C0320,2023Q1,21205796,15638613,41883071,25474517
C0325,2023Q1,31140448,48038423,478374923,209629337
C0126,2023Q4,85589455,6834751,17622237,149470905
C0327,2023Q2,99045168,17746214,41033499,206453713
C0224,2023Q4,44550672,44024523,193055561,113818200
C0219,2023Q2,85775799,13223774,401640358,78431722
C0114,2023Q4,13574906,35925398,171413334,230824676
C0220,2023Q2,51765871,47635479,356609813,264545544
C0017,2023Q3,9223449,39595726,74731337,108774031
C0144,2023Q4,52391970,42646485,110182853,94606129
C0107,2023Q3,2892813,38803354,451370356,222246319
C0146,2023Q2,69603081,-3492,290345263,199420073
C0104,2023Q1,51727317,39172956,419504858,238607358
C0094,2023Q3,79435397,46630072,120898358,130884643
C0121,2023Q1,53151989,33468748,27738712,283864924
C0122,2023Q3,42169914,46776358,354833460,258715410
C0374,2023Q1,28905418,4519044,24827985,256358985
C0117,2023Q3,18131515,-430479,117932509,269870710
C0112,2023Q3,12825090,30928313,113453424,177335806
C0256,2023Q2,987704,9323688,264892880,292343409
C0378,2023Q1,84047711,36767836,235876592,290814566
C0344,2023Q2,31006595,44064708,304128069,246006903
C0372,2023Q4,49550052,47722309,251951100,263025679
C0074,2023Q2,48193787,5928475,374967034,180271472
C0198,2023Q4,39084657,26015864,233742587,139196012
C0269,2023Q4,2872173,5066991,445645640,256869936
C0381,2023Q1,51833455,12628306,29097171,127916692
C0200,2023Q1,39216640,27801502,48160206,63466419
C0013,2023Q2,11715968,42731589,240288444,166152417
C0267,2023Q3,82609719,42011165,485764959,265605316
C0305,2023Q3,83014644,18899436,344781475,13140953
C0163,2023Q1,24494268,41042909,115520487,240555
C0115,2023Q2,42991474,48374999,88459015,168496869
C0033,2023Q1,89009716,18926789,453376315,168497218
C0168,2023Q1,32223478,12163322,317665486,271464162
C0188,2023Q2,40329368,17882715,281421737,179470854
C0202,2023Q3,2039039,-92262,38312929,157372208
C0061,2023Q3,97941307,35868457,265363814,34186854
C0161,2023Q4,1865451,41638611,397929564,43133217
C0062,2023Q2,16735864,40726054,312338468,282872421
C0128,2023Q1,72290985,47243179,401511244,70099156
C0240,2023Q4,17775003,8753100,114169444,129856566
C0357,2023Q1,99033941,15396368,386131723,173180018
C0227,2023Q2,24781849,17995100,226136188,211726160
C0313,2023Q3,65841874,23231015,397994525,112369984
C0016,2023Q3,67443271,2063549,357241777,28875323
C0144,2023Q1,87339088,42600983,464661309,151312186
C0207,2023Q4,8372623,5934078,3794284,25317342
C0381,2023Q1,50661106,1561653,466025993,129406467
C0184,2023Q1,73359908,21669034,96190838,262828238
C0276,2023Q4,48767680,3193740,150751578,102657771
C0307,2023Q1,41286391,36601377,277117210,140392397
C0220,2023Q4,21392260,31940542,336601894,224220267
C0032,2023Q1,22971002,8486203,20793970,208542521
C0179,2023Q2,76435216,14444318,311205864,237311801
C0090,2023Q3,17561127,23255960,498064735,222591119
C0096,2023Q3,21124614,29460464,302433022,245999090
C0321,2023Q3,97838592,30625687,241723184,187004497
C0183,2023Q4,58361736,42254841,286974307,55314032
C0154,2023Q4,11172641,29049065,4920792,166979276
C0283,2023Q3,40433780,13368063,451022362,196877274
C0384,2023Q1,11986022,46522568,450196929,195049373
C0269,2023Q4,80970468,6519362,400487645,223411553
C0067,2023Q4,42438570,9702840,495926124,3378088
C0140,2023Q2,91902047,22997385,293095082,148793006
C0187,2023Q2,13069561,44113644,160368212,257084375
C0205,2023Q4,86621690,8038411,481791960,225283493
C0104,2023Q2,53623730,4595286,335216707,257031793
C0006,2023Q1,94287948,14632687,175917336,144397109
C0043,2023Q4,99992402,8246820,252285004,100883734
C0058,2023Q1,35189549,49757346,297771003,293204974
C0012,2023Q2,34949912,1614333,37158764,295900957
C0173,2023Q3,22611091,37485529,258963786,193190866
C0155,2023Q3,49605718,44179206,362231969,27705366
C0323,2023Q4,93197916,22412707,291694953,284245370
C0126,2023Q4,52257078,13210124,5844212,170472722
C0329,2023Q1,5394592,42120932,253167132,277230276
C0001,2023Q3,25486506,7236817,148190854,181087967
C0156,2023Q3,49297444,45931932,470272236,200829572
C0019,2023Q1,62052306,3957245,77600925,200398995
C0237,2023Q2,71406849,36630896,339994622,178324670
C0312,2023Q4,13943011,45976208,88609243,23830327
C0112,2023Q4,57147840,11785753,216886661,247492732
C0346,2023Q1,32910283,44447405,240407688,228611732
C0107,2023Q3,58967758,11721868,261657221,251510525
C0144,2023Q2,78771325,22745505,7794901,221586806
C0224,2023Q1,57234148,26208028,203162772,279226843
C0283,2023Q1,78355885,35772334,14188821,291527467
C0279,2023Q3,43395775,6306679,193886096,188156275
C0110,2023Q4,92186653,16832197,6173075,19094366
C0324,2023Q4,53561549,43248352,347267298,193755398
C0288,2023Q2,38368703,6781339,110327876,219949569
C0349,2023Q2,34751479,44041424,360208063,62196598
C0075,2023Q1,75777978,36303971,254740037,222217060
C0309,2023Q3,11627239,33895485,447613749,94692145
C0164,2023Q3,15017187,22276346,49536006,188642739
C0204,2023Q1,82237155,46588943,58355732,154510053
C0093,2023Q3,30668677,35018275,418045212,155163879
C0160,2023Q3,71504455,49724795,410690938,283639741
C0218,2023Q4,27395997,13547753,33153682,121502252
C0231,2023Q2,21332653,3979974,289550202,67276537
C0005,2023Q2,21128950,11058011,408560133,107292992
C0345,2023Q4,9221778,19248963,80009317,291294734
C0226,2023Q4,39086416,33623980,449588374,279374335
C0036,2023Q4,28228795,2617921,314866213,3490292
C0075,2023Q4,89418054,13695919,309044232,179505724
C0191,2023Q3,36199857,4506954,72524730,38800267
C0024,2023Q1,57962699,43041548,57617407,222242768
C0264,2023Q4,97931815,25114875,457433325,137095008
C0127,2023Q4,31955869,36874321,40027949,275370803
C0148,2023Q3,43088670,28217866,301642424,283352366
C0271,2023Q3,60739738,42579702,331655384,179050220
C0381,2023Q3,33490720,39192784,83395784,66231218
C0258,2023Q4,3339120,15983404,471661082,104063540
C0079,2023Q3,93374895,21206324,357218661,286417595
C0087,2023Q4,67879295,16250985,429327062,285185172
C0001,2023Q3,37806381,43403830,131076509,190737661
C0374,2023Q1,44339342,2734115,65597924,61088153
C0362,2023Q2,22200830,30658362,340392752,79733674
C0275,2023Q2,48110616,4481171,95961430,189711334
C0045,2023Q4,23644318,34557362,108366723,128641534
C0181,2023Q4,72150072,16966271,99444278,158635263
C0274,2023Q4,13826886,22567579,432113751,53404622
C0220,2023Q1,66308467,4087795,162101554,296447032
C0113,2023Q4,5633950,20005851,95933752,114687059
C0277,2023Q1,42854602,26155155,108203170,208322564
C0079,2023Q4,43691697,20830152,446020072,169750259
C0400,2023Q2,31283964,38505291,272482120,54330694
C0124,2023Q4,45124559,40853377,467069737,25464989
C0150,2023Q3,42085554,34249934,380481433,257048245
C0280,2023Q3,43738819,9111473,480094683,76821778
C0362,2023Q3,51441313,5010224,414093941,285907235
C0022,2023Q4,78251657,28858384,74348996,166334839
C0223,2023Q3,8754947,19471277,434128195,263439908
C0148,2023Q4,25008745,25915129,313222734,19481964
C0274,2023Q2,86029090,11155019,24825992,56816840
C0097,2023Q4,7849155,9864107,344754778,257154469
C0231,2023Q3,58369876,6661430,33757296,93596774
C0219,2023Q3,59954220,9120421,18512415,153644723
C0268,2023Q2,17373137,35340125,341772761,267761379
C0319,2023Q1,95919109,46767146,107850737,61377241
C0247,2023Q4,77999651,6319355,308021786,156741842
C0044,2023Q2,76477170,21987718,218585658,31991191
C0351,2023Q4,61819526,22396230,110850938,234502702
C0095,2023Q1,3242580,33913699,385698357,269254883
C0237,2023Q1,48054541,49924960,223566138,49389468
C0250,2023Q1,87901592,30226330,315403670,58139003
C0251,2023Q2,41403144,43425627,261817497,208039527
C0067,2023Q2,79575378,47304426,170146401,160407245
C0309,2023Q2,91932060,47682756,296156102,147684412
C0029,2023Q3,14691289,42249917,206535998,290327632
C0159,2023Q2,40397758,44444152,267612937,210286553
C0211,2023Q2,72322495,49725717,350736351,297966753
C0241,2023Q1,41969601,6940266,300831855,212025753
C0080,2023Q4,91261933,24567939,47757829,234247396
C0275,2023Q4,38237753,12329837,427856040,17457287
C0012,2023Q3,35521172,7997098,121615283,116990078
C0104,2023Q4,59175106,22660458,134706119,247276946
C0306,2023Q4,14725174,22017056,473726287,123173164
C0209,2023Q2,85400739,38419334,24400854,261151103
C0233,2023Q2,948186,22581643,100029073,87833237
C0038,2023Q4,73737729,43607416,436599804,135196037
C0370,2023Q2,60495219,29941288,305510726,181795978
C0198,2023Q2,42822957,17399398,431678942,226116151
C0205,2023Q3,1317850,16096637,167818997,104413146
C0068,2023Q2,94330479,31819460,333719204,90270396
C0131,2023Q3,61123511,17366123,314193439,141454358
C0304,2023Q2,1028268,8036359,360563642,214979963
C0056,2023Q3,35178825,44483245,360857491,283972450
C0051,2023Q3,9990144,45993552,372255474,19940572
C0119,2023Q4,96323911,22729880,139063593,67480373
C0044,2023Q4,37085048,32131588,379496845,17270216
C0023,2023Q3,84178753,27043758,355148672,98135835
C0140,2023Q2,82203203,11465336,368348631,265896869
C0259,2023Q4,85751316,43211933,253887263,100788151
C0300,2023Q1,23228041,30151980,72823394,279459589
C0127,2023Q2,52987113,6009420,172458841,228064978
C0236,2023Q2,88700309,39397336,246835852,266944595
C0286,2023Q4,13784908,21841747,414375462,21622879
C0011,2023Q1,71511797,7820230,169708480,212932619
C0045,2023Q2,71076624,7478192,327733206,191715108
C0168,2023Q3,8698107,9287319,57828141,213060485
C0302,2023Q1,87409095,26320758,249664712,129399030
C0231,2023Q1,81848708,28747110,491754449,197703679
C0145,2023Q3,91708574,25353890,332037387,264984342
C0227,2023Q4,3809714,39214881,130181625,295532834
C0084,2023Q1,96787706,7879866,25077033,245433079
C0049,2023Q2,46457524,14937451,475565736,150959228
C0178,2023Q3,96443311,31582076,360563738,257557301
C0276,2023Q2,57467373,-529205,274937914,96818785
C0399,2023Q3,50495662,-249955,12431880,217847571
C0345,2023Q2,209789,3474351,19049921,142832498
C0396,2023Q4,51563747,13081681,248286809,53182247
C0385,2023Q4,93843843,24127944,8907042,180551932
C0157,2023Q1,54516707,7157734,214626665,269719202
C0153,2023Q1,2335036,13683929,105601654,255939000
C0288,2023Q1,12014827,17101158,33649711,33104413
C0146,2023Q4,54405235,43294667,474603434,143509807
C0288,2023Q2,22686062,1034587,87467541,240747418
C0175,2023Q2,27852794,29335303,266075567,282639539
C0020,2023Q1,15852705,37043550,250404453,269096377
C0300,2023Q4,43408707,32714997,378695826,279659946
C0244,2023Q2,10179819,7583005,16960210,198759802
C0327,2023Q4,26120308,28639820,438630836,21750281
C0310,2023Q1,42773808,37830195,226841624,66682357
C0275,2023Q1,70013322,41911214,479449939,118905986
C0228,2023Q1,94408722,15978064,227271029,181242026
C0336,2023Q2,69216032,30071863,499768213,124273030
C0212,2023Q3,63767540,19062164,290624188,42373663
C0230,2023Q1,54775472,31778084,479892000,174465294
C0171,2023Q2,70844224,13465705,491119188,162846411
C0353,2023Q4,83012718,35745959,118312087,298702564
C0032,2023Q1,42345230,44158137,221875666,159624528
C0001,2023Q1,24743577,39890737,264499675,68009645
C0228,2023Q4,96038266,46237492,461200934,27005998
C0046,2023Q2,78059540,47013978,252353376,204557559
C0046,2023Q4,99920591,20420106,162884141,229929839
C0122,2023Q3,48215222,2691574,109570007,280795885
C0131,2023Q2,98004444,21923551,252000222,227549870
C0183,2023Q2,98837943,25058591,496691318,8530826
C0239,2023Q1,30542645,10170297,293333862,256815942
C0255,2023Q3,60573326,26806474,321336065,99868159
C0056,2023Q3,57333313,28117010,22025377,149197156
C0172,2023Q1,82719903,49046226,225547671,144019605
C0372,2023Q4,56846830,13397737,395691220,227357065
C0365,2023Q4,46439079,5587943,299786754,233999480
C0357,2023Q2,67845850,6370084,269984519,256213910
C0117,2023Q1,16415714,13238691,277717472,214733251
C0019,2023Q2,65550494,39793573,434410959,142254585
C0138,2023Q2,63897087,27176375,231865785,82470835
C0199,2023Q4,60495978,46825343,93410522,90080589
C0319,2023Q4,42437613,435612,365820028,147189045
C0267,2023Q3,74897404,26557243,296726633,205305866
C0197,2023Q2,40151896,48478646,48540748,96019814
C0033,2023Q2,41071745,2278822,139745114,191058384
C0136,2023Q3,46902946,16548443,190387348,264484952
C0044,2023Q3,95522129,47839638,17365060,281188367
C0339,2023Q2,58618727,35140212,152593534,103661869
C0231,2023Q2,21852556,36271282,300702332,66293303
C0040,2023Q4,33986819,38155406,135012739,173840352
C0015,2023Q2,34781782,5013619,139480048,248680121
C0220,2023Q2,96167107,19104089,44193298,21897308
C0337,2023Q2,56295244,43835016,285112467,84154259
C0397,2023Q1,47053038,16673237,325759871,67786169
C0004,2023Q4,20422650,20661203,366667413,67312173
C0058,2023Q3,72150726,43612153,444785408,62520578
C0025,2023Q1,84312531,16400990,128364974,115343692
C0083,2023Q4,46020933,13374150,57566462,269982053
C0367,2023Q4,70450202,38136496,179493772,248445151
C0040,2023Q3,40182860,36331685,453971095,40469363
C0290,2023Q2,42555050,26747159,437481789,85883113
C0283,2023Q1,93294092,44537916,276117764,41617265
C0341,2023Q1,35032350,9186949,179474477,62845841
C0188,2023Q2,20841951,16990694,149998211,88913467
C0400,2023Q3,58936165,49378075,356541620,70717337
C0188,2023Q4,80559379,49759890,73045031,227512810
C0320,2023Q4,408807,4995502,4034196,278230704
C0158,2023Q1,38790580,33133693,88326099,22496372
C0394,2023Q2,85049089,45758556,427500536,4337991
C0146,2023Q2,46211592,43495206,80422840,44703612
C0101,2023Q3,52991907,23150353,104257012,213591345
C0239,2023Q3,71925558,7853548,414838711,114517333
C0316,2023Q4,69273077,33853092,134316110,181554974
C0207,2023Q4,15574130,48218366,152440641,27039352
C0378,2023Q1,61706380,34784621,92912567,183578983
C0046,2023Q2,56851952,38962090,366185284,174484303
C0351,2023Q1,31471788,22779534,377959737,26864271
C0144,2023Q4,96539001,18392509,20129437,279791176
C0110,2023Q1,67581127,43728723,48272478,45822370
C0349,2023Q1,26941516,48706047,86353393,154479457
C0371,2023Q1,86247854,6059652,328174878,155359058
C0292,2023Q3,81523422,11026583,365703515,63520086
C0227,2023Q3,45929084,37517087,364388299,162494297
C0068,2023Q1,86803482,21810272,404605564,38927890
C0324,2023Q1,56999540,35404244,158501774,35347578
C0210,2023Q2,5385800,27896416,117178950,189065743
C0193,2023Q1,93971705,33121844,474353345,231456672
C0047,2023Q1,86805851,34598712,473751080,45597494
C0229,2023Q3,20737660,6251572,2620212,57865011
C0185,2023Q4,40223455,17672115,23352829,97450623
C0046,2023Q3,50547276,31299022,376605709,205836769
C0320,2023Q4,15124453,7386460,379907251,184644739
C0031,2023Q3,443111,32595486,3767588,140874837
C0040,2023Q2,59327641,23118479,471820287,150360415
C0366,2023Q3,94173918,11561729,496051394,123323268
C0096,2023Q1,86019668,5433372,345786219,137859056
C0354,2023Q2,22954950,18112114,116034830,8538785
C0245,2023Q2,43397307,7796627,472938964,297780188
C0143,2023Q1,33847304,49786519,35989404,186256469
C0102,2023Q1,89473880,31147641,366510528,293292693
C0384,2023Q2,7634191,498690,120512007,54154985
C0192,2023Q4,79560730,49759681,47747579,3367588
C0107,2023Q4,9544538,46060413,302170993,94285533
C0139,2023Q2,53713823,28152563,64498872,161681378
C0330,2023Q1,25732290,521672,454938345,186287634
C0217,2023Q1,13058346,29355211,371760669,74320431
C0394,2023Q2,83264273,5061067,147825807,206939866
C0284,2023Q1,13573811,24055538,473595739,267077474
C0134,2023Q3,15487968,30210824,499023221,227126882
C0296,2023Q1,12328898,26776625,197412718,151458629
C0003,2023Q4,59249782,24477543,37630613,183914208
C0160,2023Q3,80618853,13126273,123810338,6552432
C0099,2023Q2,26352453,7985830,366183675,48601017
C0225,2023Q3,15596407,31055425,187840377,96045916
C0145,2023Q1,61811168,2165486,37252162,298207012
C0076,2023Q4,58116352,-362470,417721603,189250970
C0390,2023Q3,80071284,-261064,27566788,228970318
C0179,2023Q4,79336113,6384335,427228756,87662143
C0383,2023Q2,49131372,338707,478413538,164491410
C0392,2023Q3,54140802,562642,179619709,151032463
C0153,2023Q2,77898419,28146382,464140127,86127543
C0188,2023Q1,89261083,35532720,482815543,176498608
C0254,2023Q4,67863126,11020492,225082871,272634211
C0292,2023Q4,17524295,5503730,434523224,87957038
C0292,2023Q3,72529058,42116523,9841478,78545911
C0057,2023Q2,82312962,21805623,304364890,26908197
C0030,2023Q3,70999104,29215348,368847287,205198204
C0175,2023Q2,1089724,12235003,159714837,240546754
C0373,2023Q3,42409550,47043708,37920196,260601478
C0330,2023Q2,31068681,1832103,405018397,126795727
C0014,2023Q1,94255428,35031996,382672649,16924555
C0100,2023Q4,57883602,5766022,472149723,274247754
C0228,2023Q1,83373093,40653273,439265230,155878984
C0201,2023Q4,36417744,24961597,358815658,226710125
C0242,2023Q1,27171039,35006789,406210880,9850408
C0034,2023Q1,39844242,33752909,427208342,61407477
C0129,2023Q1,82298921,10718186,202832815,6414689
C0117,2023Q4,70191295,8165033,403110053,263063893
C0190,2023Q4,92534673,198691,412883018,270192845
C0114,2023Q1,67076231,40383329,128908484,86895373
C0247,2023Q4,53644014,7651690,280792889,94461454
C0184,2023Q3,80001839,30016437,329601945,60928144
C0400,2023Q4,15117294,45896294,384969676,23595890
C0356,2023Q4,33707323,22035323,42988908,103386401
C0008,2023Q3,64988969,43286947,474240765,259718881
C0006,2023Q4,58653798,27008094,89525739,181409909
C0266,2023Q2,31813491,43255769,318092309,111095601
C0021,2023Q2,59271581,45434572,195957688,117361060
C0185,2023Q3,18138484,21010710,180672870,237968026
C0177,2023Q1,80073536,15642371,214911826,75889496
C0196,2023Q3,1394993,35765594,438342166,295310165
C0054,2023Q2,47958247,42118333,36713055,162214487
C0363,2023Q2,31349246,32818928,132580151,38033346
C0033,2023Q1,5867919,38187767,64448771,175761190
C0383,2023Q4,16421223,1130010,486806087,111155849
C0021,2023Q1,732933,2838985,67211034,271392628
C0028,2023Q4,51325726,17450329,343507306,76382529
C0169,2023Q1,71234908,41649105,13892016,173431991
C0335,2023Q1,17778135,1169541,460456932,285340046
C0281,2023Q1,77911096,930708,389320333,252755765
C0225,2023Q4,6940738,10891048,274530361,192313758
C0013,2023Q3,49727844,48795689,192108679,272369593
C0024,2023Q1,88891674,32608871,208748748,73667451
C0089,2023Q2,18032026,38643832,382774967,158277949
C0219,2023Q4,54469127,26167232,358213257,284871629
C0239,2023Q3,78560836,25403634,416355195,37660466
C0182,2023Q3,3997224,22677875,265951541,67266163
C0104,2023Q4,40716647,35927857,186996822,111672242
C0395,2023Q1,24187523,-55348,355465000,276836188
C0012,2023Q2,26861899,15844966,277276391,122917533
C0126,2023Q2,70295370,44900125,402027941,100931295
C0041,2023Q4,63213001,43679022,480757278,38465959
C0122,2023Q4,82089524,18378896,322428807,280293825
C0061,2023Q1,94102245,25892146,129274321,165114118
C0084,2023Q2,92150611,13019188,272357103,142806969
C0266,2023Q4,875324,36628490,314752899,62406254
C0399,2023Q2,58949168,3805568,496127498,219853364
C0025,2023Q1,29413522,-97665,135866561,274831772
C0394,2023Q4,37730330,12615955,478910113,61183207
C0264,2023Q2,63225015,216639,216020014,248919998
C0400,2023Q2,49061278,21454121,478168983,135439798
C0346,2023Q1,40775215,36554496,38621922,193294
C0021,2023Q1,23413732,38376650,488527455,291170498
C0053,2023Q3,84704595,33509187,20466880,95015393
C0301,2023Q1,36118633,7423289,322627571,162226312
C0186,2023Q4,21322852,46424303,352175008,282837809
C0375,2023Q1,75529549,45042761,98490616,240192912
C0200,2023Q2,38516104,14259560,367825858,160555162
C0011,2023Q3,46478471,36376173,404005085,127998493
C0154,2023Q3,55796962,47257188,58526156,36410499
C0081,2023Q4,67886501,37216506,178433877,211315401
C0245,2023Q3,30548737,35997291,443006294,175235487
C0292,2023Q1,79609555,48011664,58565314,68278518
C0265,2023Q1,75066651,5640092,426826023,232612660
C0007,2023Q1,27583798,19549463,237143835,138742213
C0210,2023Q3,82930814,41735962,482176821,100107730
C0329,2023Q1,33452033,21328978,31289214,191653341
C0297,2023Q4,32385405,32908828,142518580,289596231
C0368,2023Q1,26036710,45220650,360366384,95043576
C0042,2023Q4,18483632,6588959,197036416,263312852
C0164,2023Q1,26597081,46743336,108687682,15754844
C0075,2023Q3,24219975,13428656,303687077,37488322
C0009,2023Q2,63332487,17348636,362999863,281041041
C0245,2023Q1,1842356,43677060,141161404,269756535
C0371,2023Q3,54939142,2804451,391254960,216643547
C0341,2023Q3,52097755,25924627,253963371,110327878
C0048,2023Q1,81841119,4479221,455508969,81394686
C0217,2023Q2,17066335,-521669,435467721,140995823
C0177,2023Q2,33969807,22411207,110183683,76232162
C0154,2023Q3,40051011,6626058,333265238,22999202
C0259,2023Q4,43473507,27066078,188450161,240092336
C0139,2023Q2,33092364,7333628,303032198,17467770
C0219,2023Q1,14175649,25283184,65847185,162312320
C0127,2023Q1,52643366,5387448,34660850,276721308
C0140,2023Q4,16210109,555856,256523663,26093127
C0186,2023Q3,90392143,48898324,95874213,120873162
C0372,2023Q1,29138976,47861602,238865732,142713264
C0400,2023Q2,23875363,30588978,184296343,119449004
C0049,2023Q4,14289853,30175256,388071602,34166661
C0179,2023Q2,60786961,5865496,164887211,278131542
C0256,2023Q3,19807351,30880538,15058796,203264123
C0173,2023Q3,13542520,48393203,27923536,295763046
C0202,2023Q3,39119584,31568094,402855600,46113062
C0179,2023Q2,87209296,40835485,315292930,177323278
C0388,2023Q2,55404361,16576404,303205204,125823446
C0370,2023Q2,12468218,25536541,206658992,36573670
C0249,2023Q3,8871709,17415989,330565087,77286277
C0153,2023Q4,39201700,28824274,35754183,75449625
C0052,2023Q2,28227593,41444960,133745597,227459384
C0222,2023Q2,5074447,4944900,492908610,247297906
C0292,2023Q1,71334282,2331907,327643246,55104951
C0312,2023Q2,85196789,15597280,180788079,39222820
C0202,2023Q4,55609272,9258703,247034610,135271914
C0268,2023Q2,10898422,34296285,430225470,276681722
C0119,2023Q1,39708985,13725126,496893832,64696534
C0239,2023Q4,20866931,-127781,229691300,202637175
C0056,2023Q2,51899284,36290279,489714095,56822064
C0043,2023Q2,65286639,27328367,384298625,247756127
C0121,2023Q1,90013876,28877715,342181498,104271008
C0360,2023Q2,41822426,47872819,420544720,183079981
C0019,2023Q2,85099873,32063617,195463440,135659626
C0231,2023Q4,75473089,21079879,337562831,8783435
C0053,2023Q3,74385754,18697870,189825544,96095051
C0059,2023Q4,58083986,6100843,69774441,98109697
C0109,2023Q2,55141249,35149704,399486249,267279155
C0285,2023Q4,92144616,7775578,82617574,31738632
C0221,2023Q1,41882875,3246934,110970028,47903111
C0217,2023Q3,24946032,10029071,18652979,225397001
C0317,2023Q1,65918666,5828740,63304447,11766409
C0223,2023Q2,6319475,15963761,412237721,1198211
C0252,2023Q4,30491922,33207472,176349946,131933192
C0275,2023Q2,25332541,12880802,159399246,54939081
C0341,2023Q4,49871266,168001,469849530,153384216
C0111,2023Q3,63837817,6742352,165268417,1868966
C0062,2023Q4,31466696,6639143,472102922,16600084
C0226,2023Q2,4834386,17295600,423894362,53252966
C0365,2023Q3,58602707,39557619,427994308,70850416
C0355,2023Q2,34358630,18702725,381666344,7885799
C0049,2023Q4,85069328,30796368,136343723,59604980
C0090,2023Q2,36401108,47223412,297489353,233947259
C0144,2023Q1,81844098,15545331,317776862,139705064
C0069,2023Q3,11063841,30751877,153326252,118940483
C0081,2023Q1,39180709,30464775,225065686,104241256
C0141,2023Q3,43570610,30283477,109458213,292637253
C0230,2023Q3,17561448,44699633,63450693,257345056
C0394,2023Q3,8037135,1649962,455881818,186930766
C0339,2023Q4,72496208,38500486,226441885,214914428
C0328,2023Q4,17862384,41532087,343702620,166960363
C0306,2023Q1,53496147,49488432,105110692,132257313
C0253,2023Q4,94606405,17730126,477247091,194665435
C0207,2023Q3,9758284,7539321,45376207,86740269
C0126,2023Q4,2178512,40092188,292750110,276706016
C0235,2023Q1,26306774,18727883,405704565,157496586
C0269,2023Q2,63712697,3328578,65024451,208599263
C0315,2023Q3,83150554,18362010,46980008,101531826
C0375,2023Q2,59518839,47654650,129936462,26730017
C0310,2023Q2,31824694,26001843,41109422,51048795
C0335,2023Q3,63621656,39906390,380580663,158008638
C0352,2023Q3,80052137,22022627,181222172,138437210
C0017,2023Q3,15567923,34266999,46102711,9047339
C0256,2023Q1,91221316,285860,59535405,104024911
C0058,2023Q2,53999630,2693174,256636774,108199542
C0147,2023Q3,98595706,48630434,130606421,66403192
C0357,2023Q2,11164905,5011600,177717657,205012916
C0266,2023Q4,67527038,14214111,300491331,168485624
C0310,2023Q1,80076830,49954112,43238510,191870066
C0288,2023Q1,58459808,-147395,231486637,105877877
C0214,2023Q1,59694150,29774042,472503046,252217597
C0116,2023Q3,73913882,10411517,354018115,91797631
C0055,2023Q3,54159818,45465515,360965241,261433655
C0014,2023Q3,46709788,16106179,342631854,164690919
C0134,2023Q1,71547502,16548517,286984052,190395330
C0233,2023Q4,86703496,41849818,301179207,90026450
C0384,2023Q4,25298665,20670696,478096546,124147752
C0046,2023Q4,17626542,44432914,150877295,15092805
C0226,2023Q2,88246346,23362361,217494475,20752315
C0208,2023Q3,76818845,32185875,91599300,294577982
C0263,2023Q3,80125229,29614754,472376135,118741026
C0283,2023Q4,67911424,12869692,140021193,192167141
C0356,2023Q3,70899807,10376180,239848991,93020694
C0034,2023Q2,49668707,9110208,261252996,251021522
C0013,2023Q1,29837976,40775799,296064923,24652391
C0022,2023Q1,92803412,26129485,361155405,82799867
C0068,2023Q3,26501869,21307124,113573865,20305803
C0112,2023Q3,35612748,23295575,342490876,249262874
C0295,2023Q3,77936971,18233952,368489871,79820881
C0149,2023Q2,21276313,20496074,292041930,272147988
C0229,2023Q2,18052097,28325839,450835086,170026679
C0134,2023Q1,72467778,28311674,27875123,291089734
C0152,2023Q2,45781649,6800079,169033227,288275863
C0313,2023Q1,50900496,8987342,102825628,291150444
C0151,2023Q2,14532467,12577884,98733544,42570415
C0213,2023Q1,68405244,9827287,242689488,193894526
C0364,2023Q4,95753202,36705686,45077305,111838315
C0187,2023Q1,80949623,612235,216618410,125938466
C0018,2023Q4,65313953,32921761,332638958,5811720
C0375,2023Q3,60323030,1063599,65341122,68573978
C0343,2023Q4,334392,33073363,273354286,35980080
C0253,2023Q4,34836101,3740491,407745162,67431416
C0026,2023Q3,15421470,18754748,398843485,22771680
C0226,2023Q1,12453096,23871054,442687846,17674903
C0092,2023Q2,46736431,46895844,245187852,49186259
C0005,2023Q1,11432159,28976265,269605461,256974777
C0077,2023Q2,87497909,29484263,100904149,297033481
C0310,2023Q4,31561589,22522092,368133883,62936771
C0299,2023Q4,63147705,17164744,245421395,110657570
C0251,2023Q1,41035507,36806808,72867538,7917611
C0346,2023Q2,63673394,14673556,409698485,99881419
C0097,2023Q2,32941626,38629328,411866209,162246952
C0202,2023Q2,97702418,44833270,2719972,287642749
C0101,2023Q4,9759071,15941354,400489456,87184063
C0305,2023Q1,7997790,35653580,371287722,54167439
C0375,2023Q4,41786936,28512593,277008133,202932542
C0009,2023Q3,48358643,22963640,117335038,175652908
C0124,2023Q1,21714624,16527542,111252367,90032807
C0138,2023Q2,78500026,20400671,289217394,46036117
C0238,2023Q3,80241353,31231764,438363639,162174459
C0187,2023Q3,32749994,34094487,432464203,121573634
C0125,2023Q1,75100220,34445034,471258987,267107795
C0384,2023Q4,87094364,12240391,62455995,155524677
C0062,2023Q2,37091860,38957853,28763074,152447794
C0068,2023Q3,81732315,31924900,154611912,129129130
C0355,2023Q1,60385176,30888592,351777667,28416157
C0274,2023Q4,16838924,24023495,479153711,196715746
C0309,2023Q3,30973957,34988989,118236601,283243518
C0161,2023Q1,7314929,36185191,221364223,39131144
C0048,2023Q3,9420158,26605130,157039898,174958139
C0067,2023Q1,68502125,11967113,182883634,6881264
C0269,2023Q4,83020090,43015380,388267137,277433598
C0189,2023Q1,21155735,3816192,64511143,25840983
C0309,2023Q1,77141115,36998357,405401930,129935959
C0314,2023Q2,17913515,19649532,214417976,108001477
C0136,2023Q1,6236570,45973303,30774870,206165690
C0019,2023Q3,27746700,27288113,464176220,109310198
C0358,2023Q2,42797202,7505790,478767192,297013338
C0002,2023Q3,89227666,45520214,322176361,291598634
C0078,2023Q2,66358058,12427566,154982727,92065996
C0247,2023Q4,54775067,10374366,259205916,28284364
C0334,2023Q4,51756502,30537426,254420735,159935727
C0086,2023Q4,69290903,16623435,483885544,279949128
C0255,2023Q1,34468695,36112247,248881762,12299535
C0114,2023Q3,67784736,35542802,465012440,141318972
C0077,2023Q2,37113835,5799997,166174820,18087915
C0338,2023Q2,93071105,3762854,124009192,161831031
C0185,2023Q2,99600830,33839191,298597795,268650724
C0376,2023Q1,35888910,41649861,238475807,125001946
C0336,2023Q2,60944868,29662015,232733447,258584847
C0137,2023Q4,57149545,29747192,480874399,93549450
C0239,2023Q2,46526978,7046061,31236099,240599387
C0048,2023Q3,6111043,42115255,365741212,169179033
C0085,2023Q3,58064623,40671436,17142033,94453322
C0133,2023Q3,68130826,25678201,386639446,39768236
C0361,2023Q3,98783335,27843806,188274897,94670964
C0061,2023Q2,10370348,32762309,65003561,233608230
C0275,2023Q3,87759293,28479937,116521732,79053254
C0130,2023Q2,65416423,36442581,233806182,63404472
C0342,2023Q4,31468526,11591324,207895324,170952157
C0192,2023Q2,52261097,36416187,435843836,121228114
C0125,2023Q4,33835934,29687251,75490397,43333010
C0318,2023Q2,14515076,26700723,190048041,121144113
C0254,2023Q1,84186906,36795895,129303425,33335321
C0275,2023Q4,57387067,23813688,436687300,83534076
C0324,2023Q4,41462173,23819087,404402119,218718728
C0022,2023Q1,8728325,22047263,377269123,84085649
C0198,2023Q3,57301477,21720674,62292832,154686093
C0319,2023Q3,2654745,9834078,403285650,112007927
C0147,2023Q3,14337477,20471472,19747357,135502647
C0144,2023Q2,75069378,33763209,230548569,30579534
C0077,2023Q1,66582231,43727538,440950543,231080831
C0371,2023Q1,20416311,3277334,309285365,108739682
C0056,2023Q2,93513197,16223556,195088126,257866142
C0113,2023Q1,50747827,1531173,255206299,153234975
C0002,2023Q1,79783182,14557526,227622533,186671322
C0259,2023Q4,322731,20510140,206444806,137414183
C0162,2023Q4,53269663,7706048,276664637,223001467
C0284,2023Q1,1809881,19350491,439341646,3336786
C0280,2023Q4,37981121,22423768,134276526,289820035
C0396,2023Q1,84709641,4749714,430923092,82854140
C0201,2023Q2,74797764,35490434,242323950,186873204
C0123,2023Q4,18128642,10568571,316060053,247617575
C0226,2023Q4,59127836,46138108,276541919,137658205
C0305,2023Q1,91191828,39767268,82387151,225416845
C0387,2023Q1,24129263,11541619,332265191,216344715
C0041,2023Q2,81042780,30470413,404441544,52223229
C0079,2023Q1,90937218,4816513,207010155,166721158
C0092,2023Q1,70950147,5156920,59735010,141355700
C0143,2023Q4,32335559,32966778,159508557,286824079
C0112,2023Q2,85459632,10179610,233877856,116267876
C0327,2023Q2,9875381,23567905,37855407,157062461
C0321,2023Q1,54904662,18042444,307597490,277560076
C0137,2023Q1,58534721,4700830,155024783,155053848
C0139,2023Q3,2736269,20427618,449032783,259606939
C0333,2023Q3,59415721,28383783,273058239,94992128
C0069,2023Q2,2239605,6496032,39383149,67279737
C0236,2023Q1,90528377,10152861,329972767,155983346
C0156,2023Q2,61511952,27896635,44962396,21698208
C0218,2023Q4,83364809,28756591,136228718,293249931
C0040,2023Q3,52019066,23511351,147905512,19474532
C0107,2023Q4,35712634,42471113,115670030,269432258
C0083,2023Q3,81730754,40112478,174581924,53897299
C0292,2023Q4,19191205,11445240,254067943,145546537
C0112,2023Q2,53975625,5483382,287762315,200470767
C0368,2023Q2,54296625,12527595,155907054,143599418
C0171,2023Q4,51644631,6293968,279327211,85975908
C0013,2023Q4,1477609,37171502,368894545,12650449
C0256,2023Q3,68297736,24252819,395152986,258771059
C0029,2023Q2,87903737,26119443,251278755,93797106
C0040,2023Q3,50766097,1407339,429748885,14781672
C0225,2023Q1,6911413,34412300,441411722,162756018
C0180,2023Q4,75404692,40285416,4991187,165399554
C0024,2023Q4,39774024,47001268,477536349,13322520
C0384,2023Q4,66109109,43545841,195022026,204075118
C0269,2023Q4,89260654,47083991,400263724,109209761
C0208,2023Q3,92994069,49768250,20996260,178756548
C0393,2023Q1,33749882,33774683,333389355,120486216
C0371,2023Q2,95898337,35794389,107965435,75197119
C0129,2023Q4,28617484,29658656,220596903,100079230
C0342,2023Q2,90436414,32204835,205673886,226544706
C0174,2023Q4,64662460,30631980,359345823,246573599
C0310,2023Q2,3531166,8566603,286734408,184872138
C0111,2023Q2,44643286,36296354,67046660,101714653
C0330,2023Q3,40654990,41249475,12110976,54979436
C0027,2023Q4,2721080,16916544,6482333,169645049
C0037,2023Q4,63317949,1742454,325074183,3658313
C0039,2023Q2,62113041,35175207,494700178,182541906
C0026,2023Q4,82037746,29651757,289177604,92656266
C0072,2023Q4,11649470,10078477,8372317,125677431
C0026,2023Q2,95604819,47823790,337172065,126378061
C0107,2023Q3,98778406,35626406,4612030,236025332
C0227,2023Q4,48786807,32970111,260723492,157733612
C0033,2023Q1,18949202,12986406,2135023,148616663
C0237,2023Q4,73706764,24522092,235163053,247198019
C0202,2023Q2,24522852,37788867,427828559,187186011
C0130,2023Q1,54889971,35650327,71256466,275227213
C0105,2023Q1,34447660,4364561,191276528,42373852
C0248,2023Q2,35694800,20342495,287789573,133798430
C0259,2023Q1,21193157,31615965,298490744,136296175
C0297,2023Q2,11863307,16187647,444152506,132752178
C0016,2023Q4,51855071,37335810,152493273,108098027
C0292,2023Q3,23041315,4129309,171639944,188085089
C0039,2023Q1,86220098,42835918,69524341,201330508
C0220,2023Q4,19083431,34392756,102591730,261836102
C0135,2023Q1,7258010,27157003,163611690,44232317
C0234,2023Q1,52760677,26315590,276354047,23320583
C0081,2023Q3,23470818,16833499,90173313,293266363
C0024,2023Q2,71163838,45977183,214944917,51163735
C0223,2023Q4,77863195,30840847,482746910,28695656
